{"cameraMode":{"drawMode":0,"name":"Shaded","section":"Shading Mode"},"sceneLighting":true,"audioPlay":false,"sceneViewState":{"m_AlwaysRefresh":false,"showFog":true,"showSkybox":true,"showFlares":true,"showImageEffects":true,"showParticleSystems":true,"showVisualEffectGraphs":true,"m_FxEnabled":true},"in2DMode":false,"pivot":{"x":-0.6893997192382813,"y":-25.914344787597658,"z":45.91460418701172},"rotation":{"x":0.27539268136024477,"y":0.003747530048713088,"z":-0.0010738366981968284,"w":0.9613256454467773},"size":29.26593780517578,"orthographic":false}